Cluster_1,"(2.866916099063095, 2.1210137498461887)"
Cluster_1,"(2.692941784900756, 1.6443753238206538)"
Cluster_1,"(2.6521939126385723, 1.806622598590364)"
Cluster_1,"(1.0939178036947759, 1.0150179584424286)"
Cluster_1,"(2.8845956366677292, 1.3623285714299056)"
Cluster_1,"(1.8740823644596243, 1.0482860484913954)"
Cluster_1,"(1.505833258751676, 1.6279195954979546)"
Cluster_1,"(2.296035097959741, 1.4976342348472251)"
Cluster_1,"(2.7086229003638707, 1.6395118093354468)"
Cluster_1,"(2.796256405928985, 1.9628106991763372)"
Cluster_1,"(2.6000806939619228, 1.6398991737382167)"
Cluster_1,"(2.7512565572385173, 2.1056486540641517)"
Cluster_1,"(2.4533143643762525, 1.5193964637142787)"
Cluster_1,"(2.579536727300153, 1.7212491654714712)"
Cluster_1,"(1.6437370907492332, 1.49468562400437)"
Cluster_1,"(2.0283789592709116, 1.4864083836198319)"
Cluster_1,"(1.6516504555646379, 1.656270041941308)"
Cluster_1,"(1.4241011918677007, 1.4997722419637605)"
Cluster_1,"(2.4554517778824505, 1.4989228822248157)"
Cluster_1,"(1.9604341383721424, 1.0079479486512957)"
Cluster_1,"(1.6868519244977058, 1.4778149169336872)"
Cluster_1,"(1.1717603067387008, 1.0787621531781526)"
Cluster_1,"(1.012901652590803, 1.0958515479816657)"
Cluster_1,"(1.4976289010270367, 1.4637509339259172)"
Cluster_1,"(2.1496139674936448, 1.9575414960499373)"
Cluster_1,"(1.4083540618693755, 1.0585094536915314)"
Cluster_1,"(1.3335315247227006, 1.5328087572118532)"
Cluster_1,"(2.295447337642327, 2.069975785626574)"
Cluster_1,"(1.5505176671784866, 1.5775374197502467)"
Cluster_1,"(1.8992524150847556, 1.0816123456027316)"
Cluster_1,"(2.467687383695492, 1.030567640426747)"
Cluster_1,"(2.912780645253558, 2.0887096430783245)"
Cluster_1,"(1.8964649672954295, 1.0789082833044028)"
Cluster_1,"(1.969648100320895, 1.5464060576861187)"
Cluster_1,"(2.8100061985583453, 1.3771554830780328)"
Cluster_1,"(2.909144543788028, 1.6024093563701765)"
Cluster_1,"(1.6588491270569463, 1.4543632637396526)"
Cluster_1,"(2.5872038915999025, 2.027758897144258)"
Cluster_1,"(1.7736663548521112, 1.314290280527327)"
Cluster_1,"(2.38523471091937, 1.1102476184118575)"
Cluster_1,"(2.5543676787981813, 1.522223237967933)"
Cluster_1,"(2.6605733087157137, 2.0161951962338778)"
Cluster_1,"(1.8069344028748373, 1.2340119284365445)"
Cluster_1,"(2.7276278714724507, 1.6440552961455632)"
Cluster_1,"(1.4421565565830528, 1.3115236161900938)"
Cluster_1,"(2.938166609722849, 1.8563385102962873)"
Cluster_1,"(2.392412684769866, 1.0919608788465143)"
Cluster_1,"(2.677122435952274, 1.3189309651312258)"
Cluster_1,"(2.2552283047399357, 1.2696277999122536)"
Cluster_1,"(2.842965832932382, 2.2351090934033544)"
Cluster_1,"(1.9008735490866426, 1.6196180890755345)"
Cluster_1,"(1.9226634034867551, 1.246564447280098)"
Cluster_1,"(1.4394320518882442, 1.458864524593455)"
Cluster_1,"(2.4459027836253666, 1.2920585826332665)"
Cluster_1,"(1.7534099387390232, 1.100082696466672)"
Cluster_1,"(2.4561782537679626, 1.3505866545734369)"
Cluster_1,"(2.1357163470127967, 1.7455232552176443)"
Cluster_1,"(2.5201036706357156, 1.091634646068891)"
Cluster_1,"(1.4838834507146352, 1.2270513722464083)"
Cluster_1,"(1.6548054362656643, 1.3593714045416874)"
Cluster_1,"(1.73476916463644, 1.8060363482166084)"
Cluster_1,"(2.0658493825567668, 1.5276514498678166)"
Cluster_1,"(2.220021543358442, 1.7840711417527133)"
Cluster_1,"(2.358897622356139, 1.321801470015114)"
Cluster_1,"(2.6208241447267877, 1.4991796258197618)"
Cluster_1,"(1.724186224791148, 1.2818545079318755)"
Cluster_1,"(2.3761186058662283, 1.50415437833002)"
Cluster_1,"(1.9067720061395468, 1.0423200523628517)"
Cluster_1,"(2.937436330806565, 2.3611113268020807)"
Cluster_1,"(1.6695647334029926, 1.3356785883753766)"
Cluster_1,"(2.689646298823555, 1.414425254501668)"
Cluster_1,"(1.4530278208915917, 1.4551314970517006)"
Cluster_1,"(2.0203862095911136, 1.2144083427551693)"
Cluster_1,"(2.967474373527719, 1.9939642500928598)"
Cluster_1,"(2.9883140556423857, 1.8368515460191983)"
Cluster_1,"(1.5942832610196604, 1.0980925198941094)"
Cluster_1,"(2.6757961659628506, 1.5406213442564756)"
Cluster_1,"(2.8995860033914598, 1.349128090975118)"
Cluster_1,"(2.3963730033521586, 1.5232421057973318)"
Cluster_1,"(2.394091357184605, 1.7356381165575838)"
Cluster_1,"(2.3284214857484558, 1.6212900802058865)"
Cluster_1,"(1.6050784187996376, 1.0439659734344322)"
Cluster_1,"(2.2173216767074666, 1.1523217447883614)"
Cluster_1,"(2.1715951510567235, 1.4654925646819548)"
Cluster_1,"(2.0582512823536954, 1.0406036974438309)"
Cluster_1,"(2.992339291207287, 1.456236618339137)"
Cluster_1,"(2.320717854671588, 1.2226523521807686)"
Cluster_1,"(1.43518696018529, 1.4833731999318718)"
Cluster_1,"(2.4028302633598844, 1.5846423605688318)"
Cluster_1,"(1.4607391965205536, 1.0307095102894073)"
Cluster_1,"(1.7604177964283783, 1.5427509657262475)"
Cluster_1,"(2.7572618645910048, 1.7295168728810923)"
Cluster_1,"(2.923568501494165, 1.756209899084808)"
Cluster_1,"(1.838229137125182, 1.040052753322759)"
Cluster_1,"(2.7967624058665796, 1.5347658501681132)"
Cluster_1,"(2.469957934004569, 1.359161650974743)"
Cluster_1,"(2.317170751731432, 1.02000084645379)"
Cluster_1,"(2.529956586802026, 1.793097172269612)"
Cluster_1,"(2.2246242144212447, 1.8560681425970778)"
Cluster_1,"(2.749521540657911, 1.9264050545215032)"
Cluster_1,"(2.0426393462305006, 1.1910058995889523)"
Cluster_1,"(2.596426588842179, 1.3875657388490186)"
Cluster_1,"(2.5709716562065483, 1.4696031326092627)"
Cluster_1,"(1.7918048606618477, 1.4533934517199738)"
Cluster_1,"(1.343571446997735, 1.1450824603553356)"
Cluster_1,"(1.6574373154292477, 1.6923844467701927)"
Cluster_1,"(2.2769737092980478, 1.8715243472722665)"
Cluster_1,"(2.8521708855018892, 1.4016575578817863)"
Cluster_1,"(2.7824867560962763, 2.201904026640261)"
Cluster_1,"(2.31439647235871, 1.640823945156741)"
Cluster_1,"(2.2696918165041913, 1.8733838713165094)"
Cluster_1,"(2.835895394594785, 1.3914413957702565)"
Cluster_1,"(2.4695419094536217, 2.198205138655004)"
Cluster_1,"(2.5368246394887564, 2.272694631412908)"
Cluster_1,"(2.8220035755770017, 1.928855430400567)"
Cluster_1,"(2.6483661269764314, 1.1363514606856109)"
Cluster_1,"(2.1985996221069, 1.1392657371499104)"
Cluster_1,"(2.4790814534662666, 1.6686434309323508)"
Cluster_1,"(2.4638812022018026, 1.8683456538497416)"
Cluster_1,"(1.4425543790044375, 1.4657135881778371)"
Cluster_1,"(2.3645314526301178, 1.0267356339839753)"
Cluster_1,"(2.430094261621592, 1.6665834377244733)"
Cluster_1,"(1.6779378644158591, 1.777943793276498)"
Cluster_1,"(2.3673904671374912, 1.9942352857853627)"
Cluster_1,"(1.6240317918896072, 1.158196108363021)"
Cluster_1,"(2.1160085916686895, 1.1373159643624104)"
Cluster_1,"(2.228697450797738, 1.9342022864548227)"
Cluster_1,"(2.1312868845882207, 1.659258301572958)"
Cluster_1,"(2.3067783446833596, 1.394225889837377)"
Cluster_1,"(2.3395163963775305, 1.0337150032021372)"
Cluster_1,"(2.0371049321435946, 1.4404154479032938)"
Cluster_1,"(2.7135958825539026, 1.5394208990094127)"
Cluster_1,"(2.322713149682719, 2.025446441977536)"
Cluster_1,"(2.0296131996005693, 1.5558802638481661)"
Cluster_1,"(2.622395744730416, 1.5128768364619303)"
Cluster_1,"(2.271789196426286, 1.8634131201216029)"
Cluster_1,"(1.9753928518938004, 1.1719192366916409)"
Cluster_1,"(2.7570328967807063, 1.5845947635434023)"
Cluster_1,"(2.6537421656075253, 1.2879625706886035)"
Cluster_1,"(2.2243372350226984, 1.743641194139291)"
Cluster_1,"(2.6174455762680084, 2.211200136067709)"
Cluster_1,"(1.6462552685566225, 1.1838678923469037)"
Cluster_1,"(2.3295389958841146, 1.0265019402169557)"
Cluster_1,"(2.949765137593684, 2.2609575750305337)"
Cluster_1,"(2.5210202201073653, 1.1931718823894828)"
Cluster_1,"(2.9758167947238823, 2.445044660418522)"
Cluster_1,"(2.6843865255954684, 2.0914268831337)"
Cluster_1,"(1.447743698899903, 1.4558582816979453)"
Cluster_1,"(2.0672198597095717, 1.0430781485898328)"
Cluster_1,"(1.0432137381764954, 1.067789946823649)"
Cluster_1,"(1.6480711107475805, 1.5197327685798812)"
Cluster_1,"(2.247024952292897, 1.6481425175706108)"
Cluster_1,"(2.9121388417915495, 2.1150937216202905)"
Cluster_1,"(2.622146711016414, 1.9408939948682271)"
Cluster_1,"(2.7243182588327715, 2.0702461557510308)"
Cluster_1,"(1.5831268298341334, 1.073281434919056)"
Cluster_1,"(2.3607241701390063, 1.2461391152998633)"
Cluster_1,"(1.8794334858054922, 1.0152091274019814)"
Cluster_1,"(1.7510399219694404, 1.2160425929423737)"
Cluster_1,"(2.1180486787586874, 1.3854430505458741)"
Cluster_1,"(2.1525312418537816, 1.309622043855189)"
Cluster_1,"(1.8024574851570556, 1.3214793980882054)"
Cluster_1,"(1.884784647308297, 1.5702505609490915)"
Cluster_1,"(2.553011087588671, 2.1143005661927328)"
Cluster_1,"(2.484124793901178, 1.7257340277991262)"
Cluster_1,"(2.781338549509773, 1.3824144745523794)"
Cluster_1,"(2.0076096157583514, 1.3339834667221309)"
Cluster_1,"(1.9361841107842277, 1.6414180203043376)"
Cluster_1,"(1.982348005478751, 1.05465059231095)"
Cluster_1,"(1.3409828710297567, 1.576413526525647)"
Cluster_1,"(1.8129523871147133, 1.0902494198395025)"
Cluster_1,"(2.634470123547881, 2.085184459172481)"
Cluster_1,"(2.436346112870088, 1.8086122404814522)"
Cluster_1,"(2.327426792583254, 1.8145759516799638)"
Cluster_1,"(1.723615533228497, 1.3807263562242849)"
Cluster_1,"(1.8664921309335585, 1.302174776721545)"
Cluster_1,"(2.735025585782665, 2.1247381131501655)"
Cluster_1,"(2.7543971508306164, 1.3334148056406194)"
Cluster_1,"(2.843507241621211, 1.7635880411054703)"
Cluster_1,"(1.2978382667540775, 1.1107121204535437)"
Cluster_1,"(1.4768110669283856, 1.0555137992452832)"
Cluster_1,"(2.5626866899899996, 1.6202474197731354)"
Cluster_1,"(1.7059575153904405, 1.4527534379797697)"
Cluster_1,"(2.853419490861093, 1.5971115633499497)"
Cluster_1,"(2.417076146055517, 1.4109821783766112)"
Cluster_1,"(1.910424255058019, 1.25518808216482)"
Cluster_1,"(2.4059505935676437, 1.3398684984962708)"
Cluster_1,"(1.5389329407276744, 1.6632042315837643)"
Cluster_1,"(2.59164103105708, 2.1675215217584833)"
Cluster_1,"(2.977305414886363, 2.547417462454743)"
Cluster_1,"(1.745396195476228, 1.0309330447992735)"
Cluster_1,"(2.0574014912142555, 1.3080393975386173)"
Cluster_1,"(2.4871799973728193, 2.1724416807820983)"
Cluster_1,"(1.0861865152945962, 1.0449314611393956)"
Cluster_1,"(2.5374622225438426, 2.139573176713328)"
Cluster_1,"(2.4472122133289727, 1.171908518513222)"
Cluster_1,"(2.454119892436505, 2.1766186386079456)"
Cluster_1,"(2.832924893149266, 1.4172348309258327)"
Cluster_1,"(2.871540714985958, 2.1042087412767336)"
Cluster_1,"(2.556116508551284, 1.0095810316381912)"
Cluster_1,"(1.5077977434620469, 1.6220245845489185)"
Cluster_1,"(2.2418233051143037, 2.109282392769649)"
Cluster_1,"(2.8085604796485804, 2.065236652130257)"
Cluster_1,"(2.3779202282263077, 2.017923379830229)"
Cluster_1,"(2.6997774307467797, 1.5496687752484644)"
Cluster_1,"(2.8530748451265233, 1.8168369302084444)"
Cluster_1,"(2.526810680748876, 1.3712664500322267)"
Cluster_1,"(2.1313193045369054, 1.0865447079114403)"
Cluster_1,"(2.730719995966708, 1.4505110690679277)"
Cluster_1,"(2.9926139628237536, 1.4655261530323938)"
Cluster_1,"(2.259299747019494, 2.110042609048558)"
Cluster_1,"(1.5833070318510136, 1.6188502892192955)"
Cluster_1,"(1.8314880901773212, 1.5037685186092873)"
Cluster_1,"(1.4400811011304628, 1.2050237046153114)"
Cluster_1,"(1.5690561398883938, 1.734886632723438)"
Cluster_1,"(2.4099321061060173, 1.3752540511195732)"
Cluster_1,"(2.3901397718026667, 1.8921659244168973)"
Cluster_1,"(1.5022743849251161, 1.4547082299120355)"
Cluster_1,"(2.50677847964951, 2.0987320914323164)"
Cluster_1,"(2.9801442730206125, 1.8996700280425431)"
Cluster_1,"(1.4343375933112799, 1.0540643635065627)"
Cluster_1,"(2.5164869117456057, 1.3822752512539525)"
Cluster_1,"(2.752894174440656, 1.5369115816378356)"
Cluster_1,"(2.2443158163200163, 2.0021103894854986)"
Cluster_1,"(2.833259642553964, 1.3650715177821044)"
Cluster_1,"(2.950406486688153, 2.3488925497807998)"
Cluster_1,"(1.7227449500605623, 1.7533974440366418)"
Cluster_1,"(2.637594718848206, 1.0313704590211406)"
Cluster_1,"(2.944698442585217, 2.420205666416776)"
Cluster_1,"(1.744837198553033, 1.4702414836232174)"
Cluster_1,"(2.0684548762676958, 1.372381333184176)"
Cluster_1,"(2.3651479785433738, 1.3953591629914401)"
Cluster_1,"(2.9350787748881424, 2.15380132960102)"
Cluster_1,"(2.1711995513282467, 1.4341794078562937)"
Cluster_1,"(1.4988973353350392, 1.5501296030193814)"
Cluster_1,"(2.6362841924452667, 2.044604305688411)"
Cluster_1,"(2.6301982430047586, 1.0663711681175243)"
Cluster_1,"(2.708207138613515, 2.192296554757842)"
Cluster_1,"(1.8570567031826617, 1.013672268131024)"
Cluster_1,"(2.495397390685521, 1.7229755618135791)"
Cluster_1,"(1.680954488491349, 1.053079378715037)"
Cluster_1,"(2.1994717915787034, 1.6457926065736854)"
Cluster_1,"(2.605526198630751, 1.968538872101437)"
Cluster_1,"(1.454367413297861, 1.2346149668731536)"
Cluster_1,"(2.976709622608835, 1.7158362477666464)"
Cluster_1,"(2.734584608345245, 1.365283512103985)"
Cluster_1,"(2.9589609725120667, 2.1760876268321283)"
Cluster_1,"(2.165048961598128, 1.6995008044237518)"
Cluster_1,"(1.8842726668825496, 1.2855912411069246)"
Cluster_1,"(2.958732700212168, 2.1213694792334525)"
Cluster_1,"(1.6911633493386022, 1.7304384149981316)"
Cluster_1,"(2.108166835026488, 1.568154938623916)"
Cluster_1,"(2.7020342024258754, 1.9989888717225346)"
Cluster_1,"(1.360973555573179, 1.5984680508040572)"
Cluster_1,"(2.906567332672873, 1.5862915606364598)"
Cluster_1,"(2.334772312679817, 1.8019011800803881)"
Cluster_1,"(1.8977303799792027, 1.3895015028603825)"
Cluster_1,"(1.3221631975670298, 1.5341217386556147)"
Cluster_1,"(2.709077780274408, 1.5068475483659212)"
Cluster_1,"(2.2317939487745133, 1.2135063767979157)"
Cluster_1,"(1.2568331758467077, 1.0105046426461628)"
Cluster_1,"(2.268122217604838, 1.3480593950023134)"
Cluster_1,"(2.5704053756451226, 1.5245233045319477)"
Cluster_1,"(2.508582135805491, 1.586828452098591)"
Cluster_1,"(2.023826462075731, 1.6251386293412506)"
Cluster_1,"(2.3959699389787112, 1.8204100371415677)"
Cluster_1,"(2.895924640874369, 1.6384042501055611)"
Cluster_1,"(1.9134646821675532, 1.352599248591167)"
Cluster_1,"(2.2768692724196695, 1.6429139064576574)"
Cluster_1,"(2.4494118268425726, 1.3625804914677222)"
Cluster_1,"(2.2376694677508437, 2.063387607649274)"
Cluster_1,"(1.100381980117982, 1.115572757898574)"
Cluster_1,"(2.4745365474553953, 1.9681011270569373)"
Cluster_1,"(1.0039554783343922, 1.0102226663232161)"
Cluster_1,"(2.308395029455748, 1.4930041216374643)"
Cluster_1,"(1.7563325881795162, 1.4866408522590173)"
Cluster_1,"(2.195916726179842, 1.4129128460736997)"
Cluster_1,"(2.9429928725405534, 1.3730410949949063)"
Cluster_1,"(2.704001599776265, 1.8073664516561516)"
Cluster_1,"(2.157995659957637, 2.0087827905017006)"
Cluster_1,"(2.194579447911054, 1.4345200559764861)"
Cluster_1,"(1.8554527915545063, 1.2766089141263786)"
Cluster_1,"(2.6663249081319744, 1.8152342337857577)"
Cluster_1,"(2.6777820531182446, 1.9248960912435937)"
Cluster_1,"(2.43699827913182, 1.626516981248436)"
Cluster_1,"(2.4431556981343316, 1.051140634231479)"
Cluster_1,"(2.6608533676663217, 1.302859129802847)"
Cluster_1,"(1.5276539935229576, 1.0196768497079562)"
Cluster_1,"(2.145017713954763, 1.0806620686885866)"
Cluster_1,"(2.8011327045672383, 1.6257389770109913)"
Cluster_1,"(1.4610910171165925, 1.0623203434992994)"
Cluster_1,"(1.8433035132079492, 1.457788309540687)"
Cluster_1,"(2.215351769034683, 1.608892672928053)"
Cluster_1,"(1.8222509447302442, 1.1240083230780307)"
Cluster_1,"(2.676523676825509, 1.0492520474043239)"
Cluster_1,"(2.57198466986946, 1.6989252885719617)"
Cluster_1,"(2.588637976361652, 1.0663175590719403)"
Cluster_1,"(2.327294759158165, 1.3294615186473917)"
Cluster_1,"(2.524991416054579, 1.357126985703818)"
Cluster_1,"(1.9549673760567452, 1.2598374678473763)"
Cluster_1,"(2.7450772298316837, 1.5457683206895882)"
Cluster_1,"(1.3948954989506328, 1.5710214300029575)"
Cluster_1,"(2.4664414940690262, 1.0245539231224652)"
Cluster_1,"(2.1509316689689846, 1.4148570097466535)"
Cluster_1,"(2.8148438126288604, 2.0492090122007878)"
Cluster_1,"(1.3447742529633333, 1.1219156157887475)"
Cluster_1,"(2.550577926232999, 1.8740020810766158)"
Cluster_1,"(2.558590075105738, 1.0849632305087853)"
Cluster_1,"(1.2674332570607025, 1.0348367564531908)"
Cluster_1,"(1.6316410511245365, 1.075165024409398)"
Cluster_1,"(2.5277960660911694, 1.6139130342996086)"
Cluster_1,"(1.6484567260610006, 1.1914130238747032)"
Cluster_1,"(2.033773598528453, 1.466928272554555)"
Cluster_1,"(2.5729561325277093, 2.033464054872357)"
Cluster_1,"(2.5047315318684813, 2.085695269075736)"
Cluster_1,"(2.5547087691192534, 2.183037323533192)"
Cluster_1,"(2.8178836018089637, 2.2603927554268894)"
Cluster_1,"(2.4070706038317495, 1.956280593270313)"
Cluster_1,"(1.4739869628601794, 1.115225431819702)"
Cluster_1,"(2.4568037223211547, 1.3047149112781642)"
Cluster_1,"(1.806542485838484, 1.661645945557239)"
Cluster_1,"(1.7199969836588576, 1.394606938717617)"
Cluster_1,"(2.4786761189974316, 1.4962273171923215)"
Cluster_1,"(2.2171866114497227, 1.661611242625362)"
Cluster_1,"(2.167925549703456, 1.9026253675892966)"
Cluster_1,"(2.348999918057637, 1.1110972208909562)"
Cluster_1,"(2.4548500729590224, 2.2311052411433847)"
Cluster_1,"(1.3922332919035338, 1.4321758914511464)"
Cluster_1,"(2.618640677050468, 1.2222698940682124)"
Cluster_1,"(2.6094227526467555, 1.6673979578699902)"
Cluster_1,"(1.929065897589016, 1.3190720672322198)"
Cluster_1,"(2.1388549790819957, 1.7510238561701343)"
Cluster_1,"(1.713291822148505, 1.0257493149800387)"
Cluster_1,"(2.384634799276925, 1.3201685662124194)"
Cluster_1,"(2.2189790610275093, 1.5580671552265106)"
Cluster_1,"(1.6517509466835993, 1.5825212246939142)"
Cluster_1,"(2.204298489656628, 1.6470265694131665)"
Cluster_1,"(1.6915981803964315, 1.064144639418203)"
Cluster_1,"(2.7419063057268307, 1.6800254203933955)"
Cluster_1,"(2.088132875089001, 1.4822697458092309)"
Cluster_1,"(1.35664750813911, 1.1183611328269338)"
Cluster_1,"(2.3185073962359497, 1.8854737236175936)"
Cluster_1,"(2.9900262682046534, 1.6553736100613399)"
Cluster_1,"(2.581626380734685, 1.6858611969728108)"
Cluster_1,"(1.4160110330012354, 1.539068538271413)"
Cluster_1,"(1.967656408785413, 1.182830598534042)"
Cluster_1,"(1.7258549673686638, 1.5859723669803498)"
Cluster_1,"(2.5033226599561456, 2.2898629988222785)"
Cluster_1,"(2.856797170217595, 1.6601088146635872)"
Cluster_1,"(2.129694556604001, 1.4557442218240417)"
Cluster_1,"(2.225377876033482, 1.8116515699448166)"
Cluster_1,"(1.740563847974901, 1.656346830611083)"
Cluster_1,"(2.944232609497513, 2.341827807348939)"
Cluster_1,"(1.4550861924246496, 1.3300545657798042)"
Cluster_1,"(2.8015467780668954, 1.8317082975591452)"
Cluster_1,"(2.665821519950403, 1.2654388505657972)"
Cluster_1,"(2.43777571804615, 2.1928392109989088)"
Cluster_1,"(2.3608579028787235, 1.0849202107560214)"
Cluster_1,"(2.598455580181551, 1.9201465656144212)"
Cluster_1,"(2.1569668185906403, 1.2104750035325633)"
Cluster_1,"(2.4950079101217675, 2.315505337136403)"
Cluster_1,"(1.3711385738667892, 1.0956910448038755)"
Cluster_1,"(2.144988238145352, 1.038708807045678)"
Cluster_1,"(1.9512678472981817, 1.4961645730113255)"
Cluster_1,"(2.1447537488523394, 1.6988010966482923)"
Cluster_1,"(2.3276204801520253, 2.172216368229285)"
Cluster_1,"(2.5657036480634314, 1.8522789503839272)"
Cluster_1,"(1.5766957579170156, 1.1552025812330717)"
Cluster_1,"(2.298023514910134, 2.1146298766506715)"
Cluster_1,"(2.2741098234073567, 1.986082417270954)"
Cluster_1,"(2.5937158653966854, 1.7442695321721322)"
Cluster_1,"(2.500307050859209, 2.2981962677691223)"
Cluster_1,"(1.39605749146704, 1.094196344344181)"
Cluster_1,"(2.9734014093680727, 1.6468487590671912)"
Cluster_1,"(2.9210873330908003, 2.218835209977712)"
Cluster_1,"(2.885014552779082, 2.0667658365465003)"
Cluster_1,"(2.271512044814081, 1.3862367125588724)"
Cluster_1,"(1.7514659122362597, 1.4058763103141287)"
Cluster_1,"(2.6947145797970022, 1.634777538367721)"
Cluster_1,"(2.1795478629087954, 1.2178607364894167)"
Cluster_1,"(2.365648884593723, 1.620348435421012)"
Cluster_1,"(2.7595082805093956, 1.4977396489259074)"
Cluster_1,"(2.1983222349919798, 1.480032107973862)"
Cluster_1,"(2.565181611962707, 1.131070167876168)"
Cluster_1,"(2.9917466625292612, 2.5844527689960843)"
Cluster_1,"(2.5927966484654954, 1.1458056747607575)"
Cluster_1,"(1.9678993273102, 1.20427877842329)"
Cluster_1,"(2.8967366188294355, 2.5568185112594373)"
Cluster_1,"(1.928787219605769, 1.3560424250365426)"
Cluster_1,"(2.3816604445719176, 1.2458857378350832)"
Cluster_2,"(2.628567346858158, 2.4176121857563606)"
Cluster_2,"(2.7705339796235933, 2.385845737336381)"
Cluster_2,"(2.7384122456667166, 2.24558981671416)"
Cluster_2,"(2.810456106017396, 2.5689777231047763)"
Cluster_2,"(2.7607095500494294, 2.2524922866479047)"
Cluster_2,"(2.8634073204218593, 2.3613039756099097)"
Cluster_2,"(2.6912604059407075, 2.460024377822709)"
Cluster_2,"(2.575439068939331, 2.3613384262467667)"
Cluster_2,"(2.7241488970429595, 2.6157097187161362)"
Cluster_2,"(2.767258392153776, 2.6083624886733947)"
Cluster_2,"(2.7028577451669777, 2.4621577064347453)"
Cluster_2,"(2.742499944371254, 2.4221953947335138)"
Cluster_2,"(2.615129864718483, 2.313313068433168)"
Cluster_2,"(2.685127005055458, 2.4375294012951887)"
Cluster_2,"(2.7423682088038843, 2.409379511739248)"
Cluster_2,"(2.634756976372591, 2.3414699970404733)"
Cluster_2,"(2.6261119191020796, 2.2687982079555526)"
Cluster_2,"(2.6865640607967203, 2.36377870076185)"
Cluster_2,"(2.8683022516742187, 2.453709542463818)"
Cluster_2,"(2.5745085327696273, 2.4906462055027943)"
Cluster_2,"(2.5957306217486242, 2.5081818537055787)"
Cluster_2,"(2.7361103072817623, 2.2915783799428846)"
Cluster_2,"(2.811230638087548, 2.5147843747471232)"
Cluster_2,"(2.615446695307622, 2.5292739039599796)"
Cluster_2,"(2.582813229884442, 2.571503202905908)"
Cluster_2,"(2.6833112718126695, 2.5619667400768193)"
Cluster_2,"(2.678314594521784, 2.45058220307459)"
Cluster_2,"(2.542705164335515, 2.508843305219753)"
Cluster_2,"(2.53664849792398, 2.4663589935841186)"
Cluster_2,"(2.7695708898565305, 2.4668523143803007)"
Cluster_2,"(2.680699262861754, 2.2611017140857697)"
Cluster_2,"(2.5294546886313727, 2.4875103351512373)"
Cluster_2,"(2.634399848179708, 2.2704088693571136)"
Cluster_2,"(2.738742860112639, 2.417077220914946)"
Cluster_2,"(2.826404403412631, 2.530809428833754)"
Cluster_2,"(2.5519272132802, 2.3338536334216036)"
Cluster_2,"(2.645240192740035, 2.393499020188054)"
Cluster_2,"(2.747203918693737, 2.5681911179146018)"
Cluster_3,"(2.6491921269769394, 2.732902244879482)"
Cluster_3,"(2.73321214993393, 2.808647120339918)"
Cluster_3,"(2.8045991217929798, 2.843454761117796)"
Cluster_3,"(2.693421250169389, 2.8506475887683616)"
Cluster_3,"(2.7442462694811134, 2.6695746349070024)"
Cluster_3,"(2.576552099541032, 2.707207750190638)"
Cluster_3,"(2.6032391821279957, 2.8989879400235683)"
Cluster_3,"(2.8091500869729513, 2.764894379058715)"
Cluster_3,"(2.5231668358365233, 2.756639632547443)"
Cluster_3,"(2.573432047117132, 2.8304170418152497)"
Cluster_3,"(2.8183315538323113, 2.924130537938854)"
Cluster_3,"(2.7487930788884047, 2.7436434533715466)"
Cluster_3,"(2.6973711956901227, 2.858129126471991)"
Cluster_3,"(2.789069620824641, 2.6595992524519803)"
Cluster_3,"(2.5809259074937287, 2.919893518458811)"
Cluster_3,"(2.8638178702730013, 2.717547785178481)"
Cluster_3,"(2.6716110091937058, 2.771901814864318)"
Cluster_3,"(2.539576863431056, 2.751203386488774)"
Cluster_3,"(2.781027527652876, 2.7223244904503154)"
Cluster_3,"(2.6554333548758096, 2.7673225414483618)"
Cluster_3,"(2.5511822335633387, 2.8670207456271104)"
Cluster_3,"(2.701043020659423, 2.9390888528759476)"
Cluster_3,"(2.7491376893755968, 2.8296169939366753)"
Cluster_3,"(2.7387757814740734, 2.8199636430678305)"
Cluster_3,"(2.6535291199253668, 2.7820366251793027)"
Cluster_3,"(2.854957937540542, 2.6796498540391136)"
Cluster_3,"(2.767228450045354, 2.8155710403791057)"
Cluster_3,"(2.8701306237083895, 2.764791345308049)"
Cluster_3,"(2.601878931086765, 2.7928566083823743)"
Cluster_3,"(2.652640329885421, 2.6630706330077523)"
Cluster_3,"(2.6431515255919935, 2.684593566669413)"
Cluster_3,"(2.5527749673860156, 2.9253714915542495)"
Cluster_3,"(2.7488359714392243, 2.6817052324205695)"
Cluster_3,"(2.587286363908759, 2.735486314896807)"
Cluster_3,"(2.6959483965481703, 2.799750208065322)"
Cluster_3,"(2.6158130472871317, 2.8938208372850402)"
Cluster_3,"(2.7752818526942393, 2.7521892649767423)"
Cluster_3,"(2.6601810340236183, 2.780170617768049)"
Cluster_3,"(2.6619836933003116, 2.8048094504150396)"
Cluster_3,"(2.736876271157146, 2.8411875060867406)"
Cluster_3,"(2.80257553021349, 2.9239112324534955)"
Cluster_3,"(2.67921005104315, 2.7038686012025477)"
Cluster_3,"(2.7150159057014074, 2.783121485285723)"
Cluster_3,"(2.580786667999565, 2.7861636143928825)"
Cluster_3,"(2.7069875747425742, 2.875621402952266)"
Cluster_4,"(1.285125127752225, 1.936681690302532)"
Cluster_4,"(1.4386224289825031, 2.0898466853285615)"
Cluster_4,"(1.308247957282143, 2.049067604352971)"
Cluster_4,"(1.3183398449239077, 2.0308345604475484)"
Cluster_4,"(1.2002739191878347, 2.0245254997323956)"
Cluster_4,"(1.195002144503392, 2.1366698969532862)"
Cluster_4,"(1.3356105071969435, 1.9052835616390844)"
Cluster_4,"(1.3697201509061017, 2.080750514857432)"
Cluster_4,"(1.4672784340272007, 2.0013309893363713)"
Cluster_4,"(1.1572811547853652, 2.1453003095348877)"
Cluster_4,"(1.4880830123146085, 1.9863802020868324)"
Cluster_4,"(1.30454485868154, 1.9338736832992487)"
Cluster_4,"(1.3205011136713265, 1.9511073157012266)"
Cluster_4,"(1.2311092300518134, 2.1137824598695083)"
Cluster_4,"(1.4676059828486652, 2.1728084532361)"
Cluster_4,"(1.2833352151811945, 2.046638334772979)"
Cluster_4,"(1.4844065479006157, 1.9430599391357908)"
Cluster_4,"(1.3052094033548396, 2.212023322592029)"
Cluster_4,"(1.2670690719971762, 1.8975633862325278)"
Cluster_4,"(1.2578847113772027, 2.0770779578092124)"
Cluster_4,"(1.4081060328136417, 1.868472663734621)"
Cluster_4,"(1.268820141951041, 2.0423099164508853)"
Cluster_4,"(1.434362608387357, 2.011361396358594)"
Cluster_4,"(1.4006117890895085, 1.9372724767744955)"
Cluster_4,"(1.477771633722034, 1.9436395458219913)"
Cluster_4,"(1.1821390288258564, 2.056708112402788)"
Cluster_4,"(1.2713175602573803, 2.038451173432164)"
Cluster_4,"(1.3145964803173555, 2.1813359714792435)"
Cluster_4,"(1.2159957251320874, 2.1800894256921413)"
Cluster_4,"(1.353758381832537, 2.1826503033001843)"
Cluster_4,"(1.226875865850224, 2.139796539444232)"
Cluster_4,"(1.2616358571799338, 2.162906319383972)"
Cluster_4,"(1.467175705467544, 2.042448108887279)"
Cluster_4,"(1.3450039916220273, 1.973286202210948)"
Cluster_4,"(1.3346159152063948, 1.8971871324226075)"
Cluster_4,"(1.454775158363109, 2.0870065483989)"
Cluster_4,"(1.194954340075137, 2.130075215841229)"
Cluster_5,"(1.8567625856722247, 1.958219599761428)"
Cluster_5,"(1.987527247748031, 1.8948497462398268)"
Cluster_5,"(1.8565203109871171, 1.9777334276328737)"
Cluster_5,"(1.956373215111762, 2.0083428886819994)"
Cluster_5,"(1.902311331429588, 1.685616099723493)"
Cluster_5,"(1.8959700575541796, 1.7101810384866758)"
Cluster_5,"(1.9196731018119628, 1.843784287313033)"
Cluster_5,"(1.9654476419274778, 1.8374062789865457)"
Cluster_5,"(1.969833141273988, 1.9080714080486458)"
Cluster_5,"(1.9621473101884646, 1.8883488099446182)"
Cluster_5,"(1.9234504341689234, 1.8010684585948342)"
Cluster_5,"(1.968047789834582, 1.9788114350185513)"
Cluster_5,"(2.0472253478057834, 1.8960824398837102)"
Cluster_5,"(1.7726819557122935, 1.7812363133424858)"
Cluster_5,"(2.086781247050175, 1.7617037508261528)"
Cluster_5,"(1.7564960585288538, 1.9136626806362642)"
Cluster_5,"(2.007307777526673, 1.9189799212610659)"
Cluster_5,"(2.0225788887545826, 1.7202510223013163)"
Cluster_5,"(1.8752048167443733, 1.8925661806298804)"
Cluster_5,"(1.8927368422024529, 1.8666119471498268)"
Cluster_5,"(1.758798426569067, 1.8887732128575863)"
Cluster_5,"(1.9376637037260884, 2.0093558218828416)"
Cluster_5,"(2.013170123911162, 1.8009779566297093)"
Cluster_5,"(1.9609031187911805, 1.958707304002766)"
Cluster_5,"(2.096739626531999, 1.7933971900977668)"
Cluster_5,"(1.7777528911125204, 1.7563939468764673)"
Cluster_5,"(1.99208185973482, 2.000665433622947)"
Cluster_5,"(1.8967827293158683, 1.909212363612257)"
Cluster_5,"(1.9931843450929703, 2.0227788118755115)"
Cluster_6,"(2.9548964307505186, 2.809929489625447)"
Cluster_6,"(2.972249288143773, 2.949275502380482)"
Cluster_6,"(2.988093384511168, 2.6982333518933626)"
Cluster_6,"(2.9835462737947545, 2.961659026555979)"
Cluster_6,"(2.9212680725549163, 2.717864845558464)"
Cluster_6,"(2.993791307739186, 2.645298022883953)"
Cluster_6,"(2.9581472814295697, 2.9627356350384266)"
Cluster_6,"(2.8806557259805547, 2.8921134777349673)"
Cluster_6,"(2.990059025389031, 2.672777725298598)"
Cluster_6,"(2.9242906072165393, 2.7164811786092917)"
Cluster_6,"(2.8911975178228073, 2.6705011771999767)"
Cluster_6,"(2.896307486686574, 2.9870351882006636)"
Cluster_6,"(2.9693130377738806, 2.8692051615672347)"
Cluster_6,"(2.962345978457324, 2.810901139133679)"
Cluster_6,"(2.8804946828827247, 2.8750052294234907)"
Cluster_7,"(2.914198409282425, 1.0414278584614147)"
Cluster_7,"(2.9686338502910044, 1.0530945117400305)"
Cluster_7,"(2.889508434250129, 1.2380582348587774)"
Cluster_7,"(2.807506824699282, 1.213922897531502)"
Cluster_7,"(2.821406396609068, 1.0709476347888711)"
Cluster_7,"(2.9993225876892025, 1.1171672975541251)"
Cluster_7,"(2.8019714376307787, 1.264203466655202)"
Cluster_7,"(2.953921391889265, 1.0228632957427157)"
Cluster_7,"(2.851223984834448, 1.1374292936913901)"
Cluster_7,"(2.96474300284509, 1.0118744985596029)"
Cluster_7,"(2.920393782328489, 1.1218627440972806)"
Cluster_7,"(2.885778141412179, 1.218566120498873)"
Cluster_7,"(2.8802985425890277, 1.1018523103677451)"
Cluster_7,"(2.9520955618864453, 1.0179729040326837)"
Cluster_7,"(2.8058523333598457, 1.0635899937253492)"
Cluster_7,"(2.823120241384777, 1.2297648502419134)"
Cluster_7,"(2.814475721843033, 1.1617971280827486)"
Cluster_7,"(2.956417686962344, 1.0176788352029684)"
Cluster_7,"(2.8771270647397813, 1.1687267600340263)"
Cluster_7,"(2.6988075384816637, 1.0622456650764727)"
Cluster_7,"(2.7152239052086804, 1.054745364228138)"
Cluster_8,"(1.070341277342378, 2.384130727569273)"
Cluster_8,"(1.0348789255525748, 2.5130266273445176)"
Cluster_8,"(1.184051618066144, 2.3105348451701486)"
Cluster_8,"(1.203166927687763, 2.312282679322756)"
Cluster_8,"(1.1219251695502825, 2.325501636822522)"
Cluster_8,"(1.2913669977122775, 2.388974993661873)"
Cluster_8,"(1.3649480906660525, 2.368059819181272)"
Cluster_8,"(1.1029043277686186, 2.3150763236620735)"
Cluster_8,"(1.0962875653388113, 2.3864558396103366)"
Cluster_8,"(1.030269417047388, 2.523720506362272)"
Cluster_8,"(1.209028596655026, 2.595785698844608)"
Cluster_8,"(1.1148120824944692, 2.2835299284394583)"
Cluster_8,"(1.217624038994679, 2.5032615900179978)"
Cluster_8,"(1.350245175008804, 2.4081471191154638)"
Cluster_8,"(1.1777363117793482, 2.4499406804176354)"
Cluster_8,"(1.361671907618598, 2.3558584092349975)"
Cluster_8,"(1.2607258387677327, 2.3508605709867876)"
Cluster_8,"(1.0253077762017009, 2.3339339946399775)"
Cluster_8,"(1.1819962510633524, 2.572910932251415)"
Cluster_8,"(1.1681034756495186, 2.2888624008399834)"
Cluster_8,"(1.15269247885611, 2.457364284561313)"
Cluster_8,"(1.1194434993923188, 2.4778586610837774)"
Cluster_8,"(1.3288458564999983, 2.3508939205104005)"
Cluster_8,"(1.2946966954223202, 2.350268375081601)"
Cluster_8,"(1.2829897178472687, 2.474655040882216)"
Cluster_8,"(1.3583249819177243, 2.394212231361628)"
Cluster_8,"(1.1738618916087993, 2.5421626705932363)"
Cluster_8,"(1.0406620070615622, 2.407077579683344)"
Cluster_8,"(1.1436938584541012, 2.419593967160054)"
Cluster_8,"(1.2052315111086975, 2.4172928805654443)"
Cluster_8,"(1.1120578034417736, 2.2813420365154036)"
Cluster_9,"(1.2994118137236499, 1.3710237131249026)"
Cluster_9,"(1.290689519588627, 1.4679867540663498)"
Cluster_9,"(1.293549444901091, 1.4291737338273818)"
Cluster_9,"(1.319052180242376, 1.3467645866013385)"
Cluster_9,"(1.0707051204394165, 1.3228621354968795)"
Cluster_9,"(1.1119485297194904, 1.4856030909710292)"
Cluster_9,"(1.1231471150102834, 1.327452976153006)"
Cluster_9,"(1.3168383301974123, 1.2420177712954172)"
Cluster_9,"(1.153156109819692, 1.464653497273273)"
Cluster_9,"(1.2978762841170484, 1.1971693340109322)"
Cluster_9,"(1.2364431550937292, 1.3789033295940196)"
Cluster_9,"(1.3111991923311415, 1.188646812604137)"
Cluster_9,"(1.3351730199157092, 1.1959515396314835)"
Cluster_9,"(1.1492263412227586, 1.2726761856655369)"
Cluster_9,"(1.2159160943247866, 1.3276189317601905)"
Cluster_9,"(1.2280507386499815, 1.4162031900275338)"
Cluster_9,"(1.1181372894376875, 1.378977575916604)"
Cluster_9,"(1.010171940539984, 1.3029887434799248)"
Cluster_9,"(1.2988149898461576, 1.391430134336529)"
Cluster_9,"(1.2762569164835849, 1.2649972219590038)"
Cluster_9,"(1.0940155089899644, 1.3235480705600926)"
Cluster_9,"(1.0428900187599952, 1.2780082026863722)"
Cluster_9,"(1.0974844120571787, 1.1530078891629665)"
Cluster_9,"(1.246358346192801, 1.123174755542156)"
Cluster_9,"(1.3390280643869117, 1.362199112120967)"
Cluster_9,"(1.008587635122325, 1.3489904125867103)"
Cluster_9,"(1.0934396442307217, 1.1743736155732845)"
Cluster_9,"(1.1681788365876635, 1.2062809876743505)"
Cluster_9,"(1.2135546163065403, 1.1382512535218166)"
Cluster_9,"(1.0182164464526389, 1.3311867858924191)"
Cluster_9,"(1.12504827119401, 1.4519352936984167)"
Cluster_9,"(1.2151821535124483, 1.2652000132690808)"
Cluster_9,"(1.0492632447740449, 1.165099487447885)"
Cluster_10,"(1.9395262049144575, 2.730022663350746)"
Cluster_10,"(2.077202549272992, 2.780023913387325)"
Cluster_10,"(1.2934693116139533, 2.920226414821891)"
Cluster_10,"(1.9098854210614558, 2.100677036497715)"
Cluster_10,"(1.267745189461919, 2.9468792061347333)"
Cluster_10,"(1.164446410262457, 1.765542576230771)"
Cluster_10,"(1.2314020109090147, 1.8295555535999064)"
Cluster_10,"(2.4371525818562736, 2.6161919227254895)"
Cluster_10,"(1.0719410149256887, 1.8384856055001302)"
Cluster_10,"(1.0391816476693847, 1.9080873190984229)"
Cluster_10,"(1.545207141491276, 2.7619926901326357)"
Cluster_10,"(1.7930536938147184, 2.184420213385405)"
Cluster_10,"(1.0199017137164683, 1.5438262407150263)"
Cluster_10,"(2.0541914554506855, 2.1519712833645164)"
Cluster_10,"(1.0779086018785549, 1.930582817135652)"
Cluster_10,"(1.8089794180674785, 2.0449622192287658)"
Cluster_10,"(2.090988317165025, 2.414864982881241)"
Cluster_10,"(1.9982851572005504, 2.4338919553196923)"
Cluster_10,"(2.0774972977374304, 2.9759686311746925)"
Cluster_10,"(2.378485132145485, 2.2585950991734145)"
Cluster_10,"(2.1700507401506544, 2.231778544367973)"
Cluster_10,"(2.353553568494493, 2.4518076072048487)"
Cluster_10,"(1.1717624988540074, 1.7613719841670046)"
Cluster_10,"(1.0330741607069458, 1.5727632241602991)"
Cluster_10,"(1.82779495714888, 2.294537735898624)"
Cluster_10,"(1.5946441900454533, 2.71306947083753)"
Cluster_10,"(1.5687882600968746, 2.9069949819461707)"
Cluster_10,"(1.7207132555141293, 1.8680839480807538)"
Cluster_10,"(1.3028601827903878, 1.8271464238551816)"
Cluster_10,"(1.6715248037344195, 1.9514438505430434)"
Cluster_10,"(1.7391632140097548, 2.2059414407284734)"
Cluster_10,"(1.4369859057800887, 1.871974107136535)"
Cluster_10,"(1.5117972600373217, 1.9546665836575305)"
Cluster_10,"(2.5007628730145433, 2.5658447213778874)"
Cluster_10,"(2.2150427179567194, 2.332021282966708)"
Cluster_10,"(1.3165365831163487, 2.846683056597528)"
Cluster_10,"(1.4454410941123979, 2.5654909053800443)"
Cluster_10,"(1.2976961300201222, 1.7457062374670886)"
Cluster_10,"(1.6545426883608736, 1.8603443695352424)"
Cluster_10,"(1.555493038406632, 2.1247012752146404)"
Cluster_10,"(2.1665223979646218, 2.782206585527665)"
Cluster_10,"(1.9771108149084513, 2.9602555915259026)"
Cluster_10,"(2.1775223177298875, 2.332631215520075)"
Cluster_10,"(2.146463775354218, 2.957239402828634)"
Cluster_10,"(1.2660943883014697, 1.7305080461574316)"
Cluster_10,"(2.110230356090764, 2.893031709617744)"
Cluster_10,"(1.8529120438613054, 2.8377936517383406)"
Cluster_10,"(2.5080577020367376, 2.576076299738366)"
Cluster_10,"(1.736283693873686, 2.682614875684)"
Cluster_10,"(1.5267039252832508, 1.9682021983530658)"
Cluster_10,"(2.1914165067753073, 2.2554504679158685)"
Cluster_10,"(1.9247020880617824, 2.30440725850604)"
Cluster_10,"(1.692947419271289, 2.3843520604832307)"
Cluster_10,"(1.5332270894965943, 2.8755392549240266)"
Cluster_10,"(1.9164962801311332, 2.5377942469945407)"
Cluster_10,"(2.469846442560284, 2.6035072062103093)"
Cluster_10,"(1.7307229881594244, 2.7688703918603768)"
Cluster_10,"(1.3287203382667077, 2.5926620384211074)"
Cluster_10,"(2.013803352845387, 2.7504396454478313)"
Cluster_10,"(2.2600752126816706, 2.320213534769523)"
Cluster_10,"(1.065717809901966, 1.5537020106117971)"
Cluster_10,"(1.5441270183659197, 1.8275158177762592)"
Cluster_10,"(1.5115492972582496, 2.951563144308177)"
Cluster_10,"(1.323622340066974, 2.690999196371183)"
Cluster_10,"(2.293558146284333, 2.4522053288941112)"
Cluster_10,"(2.4873165151895726, 2.5371768104898424)"
Cluster_10,"(1.0114974834804378, 2.5485931310720513)"
Cluster_10,"(1.8376735501635884, 2.3602763946131797)"
Cluster_10,"(2.177074662758263, 2.3772711574858563)"
Cluster_10,"(2.4268587037099874, 2.8305438931280933)"
Cluster_10,"(2.1829181239771582, 2.2206838185230424)"
Cluster_10,"(2.090591178042618, 2.2920556520512863)"
Cluster_10,"(1.4235647462538181, 2.446648376386866)"
Cluster_10,"(2.425647947575966, 2.5293155674624597)"
Cluster_10,"(2.3338729404305285, 2.4824099250719636)"
Cluster_10,"(1.1030663252797024, 1.9597044231828755)"
Cluster_10,"(2.452463229872155, 2.736384487969991)"
Cluster_10,"(1.3186596016393954, 2.9921744615268033)"
Cluster_10,"(2.008862814240276, 2.821475818046989)"
Cluster_10,"(1.163278439878312, 1.6083005621584112)"
Cluster_10,"(1.232940613233989, 1.5443363820163019)"
Cluster_10,"(1.0516361620440298, 2.158639964670193)"
Cluster_10,"(1.0525874355201486, 2.9518440214232426)"
Cluster_10,"(1.3716902409460903, 2.7502375071288037)"
Cluster_10,"(1.649376799199144, 2.474105190578646)"
Cluster_10,"(1.3891133095894792, 2.9611302661216863)"
Cluster_10,"(1.1934624161978373, 1.6944281302188573)"
Cluster_10,"(1.7449606760015115, 2.092597374533938)"
Cluster_10,"(2.2464055419983344, 2.4973754520438067)"
Cluster_10,"(1.5522294083075008, 1.8957242602953004)"
Cluster_10,"(1.7034085192783432, 2.0684146927520684)"
Cluster_10,"(1.2823630293192132, 2.7034077945585815)"
Cluster_10,"(2.012746057631143, 2.5772314147388595)"
Cluster_10,"(1.559472686734376, 2.3487549124546616)"
Cluster_10,"(1.926352122377502, 2.8947963526561415)"
Cluster_10,"(2.210018929376721, 2.664041324212778)"
Cluster_10,"(1.0874932603842051, 1.8607678196193194)"
Cluster_10,"(2.4447549618329303, 2.677137990209682)"
Cluster_10,"(2.0658329694328614, 2.133055579610966)"
Cluster_10,"(1.0459456977592494, 2.806532728034746)"
Cluster_10,"(1.7232303743310529, 2.0637067738789447)"
Cluster_10,"(1.2660868440753703, 1.7311011992744358)"
Cluster_10,"(1.5698415114983457, 2.3095126651082016)"
Cluster_10,"(1.3484758177234748, 2.801019506383736)"
Cluster_10,"(1.1016318611167428, 2.648852065856775)"
Cluster_10,"(1.351378707277582, 2.256324153798703)"
Cluster_10,"(1.909969778071725, 2.1786116105719193)"
Cluster_10,"(2.039486404832855, 2.987066977059879)"
Cluster_10,"(1.8108152995333542, 2.870702899388877)"
Cluster_10,"(2.3204079021973336, 2.450617376346654)"
Cluster_10,"(1.0269330504999685, 1.9809019149048395)"
Cluster_10,"(1.0734762394465884, 2.214206040929297)"
Cluster_10,"(1.6748371969221902, 2.3653623535720985)"
Cluster_10,"(2.095380142583045, 2.1114120209504694)"
Cluster_10,"(1.214071603898755, 2.658382916828533)"
Cluster_10,"(1.644870810847359, 2.725337870895876)"
Cluster_10,"(1.2200665120816387, 2.999305511578309)"
Cluster_10,"(1.842179211382707, 2.923336354581124)"
Cluster_10,"(1.9382079263194874, 2.5754191039952405)"
Cluster_10,"(1.4864404456014249, 1.8875370977762895)"
Cluster_10,"(1.094096605563621, 2.146171461717895)"
Cluster_10,"(1.079294776204042, 1.6161096296136606)"
Cluster_10,"(1.0438785404016433, 1.6294132912306183)"
Cluster_10,"(1.1009756801499444, 2.711938403707649)"
Cluster_10,"(1.5410201470856724, 2.67834489994134)"
Cluster_10,"(1.0839926028150726, 2.8365558005512015)"
Cluster_10,"(2.6462577520516986, 2.9931032132088076)"
Cluster_10,"(1.14586143796445, 1.566607940427127)"
Cluster_10,"(1.7639648803285053, 2.391593346529829)"
Cluster_10,"(2.0059868242487213, 2.934773475649957)"
Cluster_10,"(1.517171294168816, 2.5973064446400334)"
Cluster_10,"(1.752394747895942, 2.1761771440717874)"
Cluster_10,"(2.449593715971022, 2.8110371433344707)"
Cluster_10,"(1.5386632538477243, 2.2615266171390775)"
Cluster_10,"(1.0985851047898088, 2.769496866606553)"
Cluster_10,"(1.7935878345344556, 2.947101152673744)"
Cluster_10,"(1.3578218342315016, 1.8117989415723603)"
Cluster_10,"(1.0623029035945128, 2.215294239637499)"
Cluster_10,"(1.4096288077458379, 2.692903808591978)"
Cluster_10,"(1.3530157443115658, 2.7695740245338767)"
Cluster_10,"(2.030389315223901, 2.6379016513640305)"
Cluster_10,"(2.1552405906471637, 2.6983527037479207)"
Cluster_10,"(1.5968068595993505, 2.1151668016736096)"
Cluster_10,"(1.2500460051470321, 1.8421252972229603)"
Cluster_10,"(1.5549104701993894, 1.8154004795257057)"
Cluster_10,"(1.1121562956234574, 2.8854426393999892)"
Cluster_10,"(1.5433020947515128, 2.5583210835329124)"
Cluster_10,"(1.8582886208642928, 2.3154467788134516)"
Cluster_10,"(2.488688705226537, 2.5961082103369195)"
Cluster_10,"(1.323567248807837, 2.8520511764836183)"
Cluster_10,"(1.0132753924088076, 2.7301070155261224)"
Cluster_10,"(1.5246458677214423, 1.822002315008901)"
Cluster_10,"(2.256139139036674, 2.6954798412264207)"
Cluster_10,"(1.0614460391124811, 2.6362059193289493)"
Cluster_10,"(1.0924648817915006, 2.189863664152792)"
Cluster_10,"(2.0987784549930626, 2.746690146643809)"
Cluster_10,"(1.6228271251546464, 1.8473126278586873)"
Cluster_10,"(1.949764126273036, 2.6997300580320047)"
Cluster_10,"(2.3356464397146306, 2.7455151533669993)"
Cluster_10,"(1.315644664759047, 1.6803161792140737)"
Cluster_10,"(1.854512052776554, 2.1965061712981058)"
Cluster_10,"(2.4027404544068873, 2.8133015773944954)"
Cluster_10,"(1.4206102633993036, 2.528491732887789)"
Cluster_10,"(1.030978551818733, 2.6242683839370473)"
Cluster_10,"(1.941470500185244, 2.6166892298530833)"
Cluster_10,"(1.9616805055275144, 2.601727785354034)"
Cluster_10,"(2.295941122752891, 2.3723487393547114)"
Cluster_10,"(2.2737937874413783, 2.7345609518524094)"
Cluster_10,"(1.7432112964511988, 2.30259345404159)"
Cluster_10,"(1.0087267773133675, 1.9861170124899212)"
Cluster_10,"(1.8370794748794619, 2.9316233412965342)"
Cluster_10,"(2.223992425326313, 2.522174335256948)"
Cluster_10,"(2.1796450424719254, 2.2959763185047626)"
Cluster_10,"(1.4986258983049383, 2.6881199797245814)"
Cluster_10,"(1.8303202384126809, 2.3482290212211625)"
Cluster_10,"(1.8918853411900585, 2.3635094498373777)"
Cluster_10,"(1.5332346186217998, 2.019452222484838)"
Cluster_10,"(2.8789042383500636, 2.618310381639489)"
Cluster_10,"(1.2423976304294468, 2.9039934494158826)"
Cluster_10,"(1.7991795716551797, 2.856838233701513)"
Cluster_10,"(2.131187432104467, 2.5436974429661787)"
Cluster_10,"(1.5314527060272567, 2.065415686033316)"
Cluster_10,"(1.4905889328763424, 2.995444458259321)"
Cluster_10,"(1.2436361367620716, 1.8166521179438873)"
Cluster_10,"(2.5008471533991843, 2.7069431730494378)"
Cluster_10,"(1.641628185770637, 2.156877129725892)"
Cluster_10,"(2.0746334975476097, 2.403040439362304)"
Cluster_10,"(1.4647578131811954, 2.873352339145063)"
Cluster_10,"(2.2360472836610032, 2.9021692222977755)"
Cluster_10,"(1.097138783837033, 2.858191263694208)"
Cluster_10,"(2.270996419627971, 2.8277685704341065)"
Cluster_10,"(1.3129916769757586, 1.7169857957311556)"
Cluster_10,"(1.0832414212236143, 1.7447922992796858)"
Cluster_10,"(2.3527917310171365, 2.356149389312968)"
Cluster_10,"(2.4450404144423548, 2.4427893366671682)"
Cluster_10,"(1.6966649929816406, 2.4272097429415105)"
Cluster_10,"(1.0245162696544172, 2.9175628778350404)"
Cluster_10,"(2.4408768989447593, 2.9237378965712084)"
Cluster_10,"(2.3927567588938916, 2.3930720469600213)"
Cluster_10,"(2.0731469105169937, 2.689846857684981)"
Cluster_10,"(1.5041963845786959, 2.911404408719024)"
Cluster_10,"(1.0002084395538016, 2.8800567722574124)"
Cluster_10,"(2.1867195035067932, 2.947467396714484)"
Cluster_10,"(1.3767709876630028, 2.2708857097072572)"
Cluster_10,"(1.008066971183979, 2.204900292975906)"
Cluster_10,"(2.0239578438716634, 2.938782811260778)"
Cluster_10,"(2.002928500787112, 2.9965066033886174)"
Cluster_10,"(2.0114206036144955, 2.8739733622911587)"
Cluster_10,"(1.4288930410182394, 2.5711472516450606)"
Cluster_10,"(1.1137111979047423, 2.914354876956626)"
Cluster_10,"(1.0120693669213021, 2.7423133735225047)"
Cluster_10,"(2.0627496297443635, 2.2619840361510306)"
Cluster_10,"(1.7437263461326096, 2.642083737451534)"
Cluster_10,"(1.7895455945822751, 2.7718255169202197)"
Cluster_10,"(1.5442922892740516, 1.729210779799982)"
Cluster_10,"(1.6583933138353, 2.2885760504099006)"
Cluster_10,"(1.4859199230388374, 2.935204391420781)"
Cluster_10,"(1.68881996293187, 1.8550371525767697)"
Cluster_10,"(1.3922728511931366, 2.914195511878278)"
Cluster_10,"(2.1812044648421165, 2.6803140657218485)"
Cluster_10,"(1.1113129600814906, 2.165020086789731)"
Cluster_10,"(1.1312491139955851, 1.8632174052280697)"
Cluster_10,"(2.2040806360128107, 2.6121035968930304)"
Cluster_10,"(2.304144892790291, 2.653410269424945)"
Cluster_10,"(1.383582097950574, 1.750047786554171)"
Cluster_10,"(2.3202364508031, 2.499178040800089)"
Cluster_10,"(1.4045290082124955, 2.551562230073211)"
Cluster_10,"(1.0254294289214154, 1.987584379021177)"
Cluster_10,"(1.69734155672808, 1.8252196843384576)"
Cluster_10,"(1.3297093151882224, 2.913167725826245)"
Cluster_10,"(2.237935783851329, 2.219183238838692)"
Cluster_10,"(1.7342799477182482, 2.2351839673034792)"
Cluster_10,"(1.5092769604828071, 2.176109412084152)"
Cluster_10,"(2.5377787584773888, 2.949160230563544)"
Cluster_10,"(1.6874357314540316, 2.4728332007848612)"
Cluster_10,"(1.8602885802573959, 2.7361251082492846)"
Cluster_10,"(1.1744190791108804, 1.7135877123874101)"
Cluster_10,"(1.799853171802289, 2.9285841147159113)"
Cluster_10,"(1.6345482364806356, 2.143324100165841)"
Cluster_10,"(1.8819952063561627, 2.1642241037453003)"
Cluster_10,"(2.244609115623927, 2.866591736428706)"
Cluster_10,"(1.6117436855077965, 2.7436455309917456)"
Cluster_10,"(1.7664359151291176, 2.622771803338166)"
Cluster_10,"(1.6589724522136764, 2.581773501841604)"
Cluster_10,"(1.2705974541603937, 1.750431650328968)"
Cluster_10,"(1.8609367565056387, 2.5039050291638976)"
Cluster_10,"(1.8150817278172753, 2.9267719069880176)"
Cluster_10,"(1.5575930492395509, 2.604884742953379)"
Cluster_10,"(2.4910353825116456, 2.776619421683035)"
Cluster_10,"(1.4199193994306736, 2.414272064499611)"
Cluster_10,"(1.7020793768668028, 1.8252524821585814)"
Cluster_10,"(2.15659280926344, 2.779038510503937)"
Cluster_10,"(1.6265544636218416, 1.8454952542938974)"
Cluster_10,"(2.007582641340935, 2.097956779431607)"
Cluster_10,"(1.4165077463647364, 1.6892294540244952)"
Cluster_10,"(2.3903402000282012, 2.508564274643102)"
Cluster_10,"(1.6692421809350155, 2.0573762793649095)"
Cluster_10,"(2.4175478208574406, 2.409175082244962)"
Cluster_10,"(1.7146843304716175, 1.942289964795546)"
Cluster_10,"(1.7848789291973068, 2.4893811760751934)"
Cluster_10,"(1.0901958453737566, 1.6881632301450982)"
Cluster_10,"(1.7381330948794558, 2.872352728738041)"
Cluster_10,"(2.3855540244995823, 2.4203415981423557)"
Cluster_10,"(2.1303829083213466, 2.6649349618624845)"
Cluster_10,"(1.8054862422098485, 2.3186570448492536)"
Cluster_10,"(1.7633081978818144, 2.093997043159607)"
Cluster_10,"(1.1207219487343312, 1.9532705066008118)"
Cluster_10,"(1.2009434800358474, 2.8769371120867886)"
Cluster_10,"(1.5112361408541417, 2.93082470544302)"
Cluster_10,"(1.1837000766455907, 1.8297714869387782)"
Cluster_10,"(1.1022109154360547, 2.1358137138389335)"
Cluster_10,"(1.0380455642533242, 2.244518189962056)"
Cluster_10,"(1.5230181300674137, 1.7734456928231206)"
Cluster_10,"(1.5998945986725135, 2.6675296276755542)"
Cluster_10,"(1.2231604652041699, 1.6983303699911851)"
Cluster_10,"(1.3940399204851095, 2.9038604275854274)"
Cluster_10,"(2.1757719393379653, 2.6064986300466457)"
Cluster_10,"(1.0601189829466071, 2.6217689702815496)"
Cluster_10,"(2.092461735303958, 2.329198813512186)"
Cluster_10,"(1.3256865291624962, 2.5989554330129234)"
Cluster_10,"(2.4984825799099912, 2.5163935097934713)"
Cluster_10,"(2.063454149639015, 2.128992803320428)"
Cluster_10,"(1.3835372309246667, 2.964538581820213)"
Cluster_10,"(1.8686985636887783, 2.6652234758910085)"
Cluster_10,"(1.217105425637633, 1.8542366489871218)"
Cluster_10,"(1.814556824282507, 2.8842525621592)"
Cluster_10,"(1.4359771054553352, 2.442043413465726)"
Cluster_10,"(1.0115208613654085, 2.8619115686118217)"
Cluster_10,"(1.4180855874276572, 2.7320957350994703)"
Cluster_10,"(1.4615922077419028, 1.8608806068260855)"
Cluster_10,"(1.6785264975508662, 2.105334227509492)"
Cluster_10,"(1.2981056653012721, 2.9686932362239036)"
Cluster_10,"(2.8206086990284787, 2.6089055055604873)"
Cluster_10,"(1.6093570748360246, 2.744756339158461)"
Cluster_10,"(1.3267838456238283, 2.8017227082481213)"
Cluster_10,"(1.8004456592048916, 2.213192984614306)"
Cluster_10,"(1.268925466533818, 2.9916732517210134)"
Cluster_10,"(1.532612112739761, 2.013626907200519)"
Cluster_10,"(1.2292420160945017, 1.7790312680053944)"
Cluster_10,"(1.6618607041083833, 1.9474551423923947)"
Cluster_10,"(1.28271255632471, 2.6609716275701536)"
Cluster_10,"(1.1976737260114414, 1.7790548670575446)"
Cluster_10,"(1.7675158261425614, 1.9994948463376747)"
Cluster_10,"(1.5139550580250392, 2.610338680764025)"
Cluster_10,"(1.1881593669537824, 2.971157978144588)"
Cluster_10,"(1.4337640815644441, 2.8103065602324544)"
Cluster_10,"(1.9531100723343278, 2.2684679084476675)"
Cluster_10,"(2.1447972654739775, 2.1628334388047223)"
Cluster_10,"(2.1750253721297232, 2.7186544184470938)"
Cluster_10,"(1.9322450900514372, 2.17643576862919)"
Cluster_10,"(2.4694650674081355, 2.826689926228788)"
Cluster_10,"(1.8275169389960826, 2.5194499872605727)"
Cluster_10,"(1.5962256927341354, 2.4920841577184887)"
Cluster_10,"(1.7222459175669371, 2.9599839049389427)"
Cluster_10,"(1.9384287829086437, 2.3381223429404834)"
Cluster_10,"(1.4964326202469744, 2.892169549296133)"
Cluster_10,"(1.8955490622159221, 2.1778738332857923)"
Cluster_10,"(1.8030660975643773, 2.8187182837209424)"
Cluster_10,"(1.767987572222255, 2.452527212364921)"
Cluster_10,"(1.1609975933306114, 1.5763008126270812)"
Cluster_10,"(1.7148971839565872, 1.8599639828071675)"
Cluster_10,"(1.0769219790567852, 1.9510840634618463)"
Cluster_10,"(1.215736720063463, 2.803387877373855)"
Cluster_10,"(2.4372531204717784, 2.546263127322912)"
Cluster_10,"(1.5223207655383586, 2.95838634771862)"
Cluster_10,"(2.215241592166368, 2.6288867483234775)"
Cluster_10,"(2.9031055094669513, 2.601845535810665)"
Cluster_10,"(1.7743864856069045, 2.6285488372271035)"
Cluster_10,"(1.0661850022066748, 2.6296801569801604)"
Cluster_10,"(1.6554219217720376, 2.525998210729563)"
Cluster_10,"(1.6845513181907548, 1.9970515386896892)"
Cluster_10,"(1.788435753623913, 2.108650925008166)"
Cluster_10,"(2.452289281651172, 2.762961612392937)"
Cluster_10,"(2.2834146258044368, 2.8995230476937275)"
Cluster_10,"(1.7935646971627124, 2.3674289999920486)"
Cluster_10,"(1.5507897519011913, 2.832241153568808)"
Cluster_10,"(1.9699175692160014, 2.459775069318929)"
Cluster_10,"(1.6176074092831545, 2.4926981269114084)"
Cluster_10,"(2.01801036760026, 2.565759614436958)"
Cluster_10,"(1.0688439771719196, 1.5607982908250417)"
Cluster_10,"(2.455975884603264, 2.625321870237625)"
Cluster_10,"(1.6531256097695877, 2.6093390761802446)"
Cluster_10,"(1.0674124096293434, 1.6975656803635195)"
Cluster_10,"(1.8946724959970127, 2.161630850750126)"
Cluster_10,"(1.6464259475812437, 2.393952080960249)"
Cluster_10,"(2.011794606082133, 2.8952420981903124)"
Cluster_10,"(1.9648889591036527, 2.95876782576748)"
Cluster_10,"(1.3160276670070132, 1.8378927035233552)"
Cluster_10,"(1.3382639670859895, 1.6416373648148013)"
Cluster_10,"(1.4332437175876196, 1.7534238543405087)"
Cluster_10,"(2.003921075904778, 2.3010870112444746)"
Cluster_10,"(1.176765967801727, 1.531373367587567)"
Cluster_10,"(1.027769739377367, 2.9175157926540387)"
Cluster_10,"(1.5748649091714058, 2.8291189066434894)"
Cluster_10,"(1.2560279469017943, 2.8419349622776724)"
Cluster_10,"(1.7365576116032464, 2.7761018596347204)"
Cluster_10,"(1.535755132887415, 2.9817999196369396)"
Cluster_10,"(2.1099999125338775, 2.148363048587608)"
Cluster_10,"(1.1097334148526339, 1.809949937540586)"
Cluster_10,"(1.0115088218277153, 2.9468341989941518)"
Cluster_10,"(1.5647202497433628, 2.8653197601844758)"
